sample_id,chronological_age,cystatin_c,systolic_blood_pressure,waist_circumference,hba1c,diastolic_blood_pressure,cholesterol,urate,urea,platelet_count,mean_corpuscular_volume,standing_height,creatinine,glucose,triglycerides,haematocrit_percentage,hdl,crp
synthetic_001,40.0,0.83239126,139.73523,94.89151,33.595108,79.50336,5.339349,340.4996,5.2010074,262.60303,89.849,163.98666,66.99526,4.7326064,1.7638938,40.380913,1.3402592,2.3486078
synthetic_002,43.0,0.9451991,137.90181,84.138916,33.98756,77.031296,5.652002,299.72714,5.4936695,279.0604,89.64059,168.19432,64.437744,4.6499615,1.8988365,40.640312,1.2688009,2.446262
synthetic_003,48.0,0.87554294,131.3666,85.82539,38.979744,80.89987,6.1258883,292.2455,5.936938,242.46028,92.60609,171.05864,67.13477,4.819632,1.5088828,39.51158,1.294443,1.8066504
synthetic_004,52.0,0.96600115,132.71866,87.92303,36.319416,83.32934,5.307976,303.57623,4.8587065,239.67424,91.6486,172.55687,66.97531,5.253438,1.6435843,41.162422,1.5127997,1.1667403
synthetic_005,55.0,0.86885726,138.12817,85.219734,38.967743,77.63291,5.209459,305.8186,5.5242534,231.9202,89.02552,165.68092,78.60594,4.905948,1.6079473,41.18136,1.367341,3.714631
synthetic_006,59.0,0.83234155,149.35576,92.654144,37.5335,82.45159,5.274073,310.47534,5.5967665,252.58234,91.917854,167.60205,73.89595,5.68002,2.186277,40.61851,1.2859495,3.7586446
synthetic_007,63.0,0.97900516,135.97948,86.47842,35.275154,87.31202,5.9100823,314.35483,5.398392,274.8485,90.773636,171.66699,76.87917,5.3462086,2.0053427,40.562138,1.6121975,1.9554589
synthetic_008,67.0,0.85278606,149.0126,95.131775,33.81928,83.19958,5.225912,332.78693,5.4256277,269.8441,90.31682,165.89082,73.728004,5.2306485,2.1413975,41.22331,1.287015,2.9893012
synthetic_009,70.0,0.9637552,139.60237,83.92404,35.289314,80.03109,5.599804,312.41885,5.1666656,256.2972,90.96839,172.10374,71.36442,4.9358063,2.2147086,41.815983,1.3572654,2.774478
