sample_id,chronological_age,white_blood_cell_count,red_blood_cell_count,haematocrit_percentage,mean_corpuscular_volume,mean_corpuscular_haemoglobin,mean_corpuscular_haemoglobin_concentration,red_blood_cell_distribution_width,platelet_count,mean_platelet_volume,platelet_distribution_width,lymphocyte_count,monocyte_count,neutrophil_count,eosinophil_count,basophil_count,reticulocyte_percentage,immature_reticulocyte_fraction,albumin,alp,alt,apolipoprotein_a,ast,urea,calcium,cholesterol,creatinine,crp,cystatin_c,ggt,glucose,hba1c,hdl,igf1,phosphate,shbg,total_bilirubin,testosterone,total_protein,triglycerides,urate,vitamin_d,standing_height,waist_circumference,hip_circumference,fvc_best,diastolic_blood_pressure,systolic_blood_pressure
synthetic_001,40.0,5.971252,4.522068,42.26302,89.26439,30.931723,34.176464,13.872068,243.54103,9.52618,16.357286,1.402022,0.39472306,3.7825212,0.17722014,0.024676017,1.0961584,0.2857935,45.735153,81.34923,17.159111,1.4528389,21.194315,5.355937,2.3692887,5.75054,80.67139,1.3251287,0.9035284,19.794888,4.6596694,37.191807,1.398758,18.809568,1.1551052,46.298714,7.2607384,4.2573714,74.25367,1.6250838,340.72437,44.386517,172.12144,88.1699,106.64288,3.9835384,79.176254,134.90504
synthetic_002,43.0,6.401685,4.3370595,39.647057,90.17571,32.04575,34.119873,13.312405,253.62709,9.452423,16.319456,1.8752013,0.36618412,3.94416,0.19343434,0.05636369,1.0917579,0.2966545,44.9412,84.30833,26.110441,1.4503111,23.825054,5.2797484,2.346267,6.1576576,64.40779,0.8328652,0.90049475,41.018764,4.7240124,33.251133,1.3356763,23.451107,1.1336433,47.66507,9.232756,4.983683,73.58445,1.3031318,348.28033,52.2258,170.4475,90.74099,100.04824,3.699184,83.715096,139.96863
synthetic_003,48.0,7.3106394,4.483515,41.39431,93.24,32.2339,34.35824,13.065899,268.0806,9.7778635,16.39241,1.6265954,0.43930897,4.920938,0.20269875,0.03763816,1.3534122,0.31246945,45.055424,92.65793,26.972095,1.5892711,28.782799,5.186718,2.421194,5.500655,66.37549,4.6557174,0.96891415,22.892473,5.241041,33.481625,1.553086,21.642166,1.2063103,47.15054,7.913174,6.666082,72.95739,2.1409233,312.50204,40.049664,169.3167,94.77238,103.36315,3.1772234,80.805016,135.86948
synthetic_004,52.0,6.745258,4.5369573,40.504433,91.3437,31.383118,34.914856,13.438736,243.03581,9.833624,16.598206,1.6834121,0.48763552,4.90441,0.20288123,0.045684572,1.1277246,0.30861127,46.138947,86.91448,17.484312,1.5281787,30.641792,5.8583922,2.418636,5.178315,78.31921,3.9717245,0.90971166,18.019903,5.557832,36.937374,1.5236009,23.978964,1.1459302,41.22331,9.61807,7.347512,70.893265,1.3809893,308.90787,54.2996,167.12256,94.7921,106.605774,3.83775,80.25389,143.75066
synthetic_005,55.0,5.9448895,4.5449395,41.918438,91.57193,30.68179,34.31444,13.557175,278.39273,9.054442,16.2674,1.995307,0.5840232,3.9558866,0.15581885,0.034346517,1.1497717,0.27734676,43.98535,86.92952,25.90188,1.5197041,23.902933,5.7476106,2.384508,6.1193357,63.212574,0.9295689,0.87172717,33.787895,4.7516956,37.048122,1.5585908,23.01144,1.1451784,41.91323,10.7066765,5.722125,72.56429,1.6100984,309.5337,40.282753,173.02986,86.95774,107.57874,3.9822593,84.48826,138.9098
synthetic_006,59.0,7.744571,4.7234464,40.32412,92.447014,30.508759,34.54223,13.162028,254.68819,8.841212,16.355536,2.2819262,0.36332807,3.9110408,0.22107013,0.023043694,1.1262451,0.27385753,44.592247,74.5942,18.597328,1.5583912,29.569649,4.742406,2.4145372,5.738169,76.19592,2.7628767,0.9629365,51.59214,4.6741376,39.036835,1.3592262,20.112328,1.2115897,43.889004,9.122361,6.2944646,73.238655,1.965348,275.30096,53.825745,164.76933,93.32206,105.32091,3.2782228,77.64043,134.00533
synthetic_007,63.0,7.0392947,4.3408465,40.66071,88.969734,32.2978,34.948017,13.366086,232.29782,8.84726,16.342829,1.9957653,0.36670837,3.6728468,0.13503379,0.045796074,1.3317828,0.26626316,45.194588,95.677025,25.694998,1.4642198,22.740799,5.286546,2.3855314,6.131282,64.535706,4.3885593,0.8538045,32.44074,4.991291,32.955387,1.5608863,22.882307,1.152424,62.187313,9.986281,8.127074,73.677795,1.7463263,343.44666,51.475185,166.61197,86.53236,102.10958,4.189537,87.47279,133.91528
synthetic_008,67.0,6.923141,4.663656,42.61119,90.59913,30.693712,34.18047,13.198164,277.55295,9.075991,16.545134,1.552767,0.60842246,4.1358204,0.117084034,0.041220076,1.3347685,0.3132994,44.194443,72.1947,23.968204,1.6151397,27.572798,5.1779346,2.375586,5.1431766,76.404465,1.8784772,0.91525364,21.160788,4.892584,34.031433,1.3436732,18.878658,1.1579957,51.32041,7.6850414,6.051644,73.33869,2.122071,294.46048,43.110493,167.3672,95.902824,107.09033,3.8462703,87.40474,130.23047
synthetic_009,70.0,7.315584,4.4727674,42.05257,92.502304,30.712091,34.286713,13.587285,275.48587,9.698886,16.492815,2.4905922,0.3737835,3.787314,0.12744072,0.052421004,1.3516887,0.31414294,45.769676,81.66584,29.626032,1.6433133,25.00648,5.2690005,2.3701444,5.772365,78.4221,2.5619638,0.90415347,29.884447,5.201564,34.31438,1.348482,20.616043,1.2131233,42.856194,9.519413,6.730203,73.899666,1.8771147,310.7264,58.963417,169.32326,91.85644,107.72326,3.6306186,86.70525,133.31758
