sample_id,chronological_age,n_23474_0_0,n_23475_0_0,n_23476_0_0,n_23477_0_0,n_23460_0_0,n_23479_0_0,n_23440_0_0,n_23439_0_0,n_23433_0_0,n_23432_0_0,n_23431_0_0,n_23484_0_0,n_23526_0_0,n_23561_0_0,n_23533_0_0,n_23498_0_0,n_23568_0_0,n_23540_0_0,n_23505_0_0,n_23575_0_0,n_23547_0_0,n_23512_0_0,n_23554_0_0,n_23491_0_0,n_23519_0_0,n_23485_0_0,n_23418_0_0,n_23527_0_0,n_23417_0_0,n_23562_0_0,n_23534_0_0,n_23499_0_0,n_23569_0_0,n_23541_0_0,n_23506_0_0,n_23576_0_0,n_23548_0_0,n_23513_0_0,n_23416_0_0,n_23555_0_0,n_23492_0_0,n_23520_0_0,n_23473_0_0,n_23404_0_0,n_23481_0_0,n_23430_0_0,n_23523_0_0,n_23429_0_0,n_23558_0_0,n_23530_0_0,n_23495_0_0,n_23565_0_0,n_23537_0_0,n_23502_0_0,n_23572_0_0,n_23544_0_0,n_23509_0_0,n_23428_0_0,n_23551_0_0,n_23488_0_0,n_23516_0_0,n_23478_0_0,n_23443_0_0,n_23450_0_0,n_23486_0_0,n_23422_0_0,n_23528_0_0,n_23421_0_0,n_23563_0_0,n_23535_0_0,n_23500_0_0,n_23570_0_0,n_23542_0_0,n_23507_0_0,n_23577_0_0,n_23549_0_0,n_23514_0_0,n_23420_0_0,n_23556_0_0,n_23493_0_0,n_23521_0_0,n_23470_0_0,n_23461_0_0,n_23462_0_0,n_23480_0_0,n_23406_0_0,n_23463_0_0,n_23465_0_0,n_23405_0_0,n_23471_0_0,n_23466_0_0,n_23449_0_0,n_23447_0_0,n_23444_0_0,n_23445_0_0,n_23468_0_0,n_23437_0_0,n_23434_0_0,n_23483_0_0,n_23414_0_0,n_23525_0_0,n_23413_0_0,n_23560_0_0,n_23532_0_0,n_23497_0_0,n_23567_0_0,n_23539_0_0,n_23504_0_0,n_23574_0_0,n_23546_0_0,n_23511_0_0,n_23412_0_0,n_23553_0_0,n_23490_0_0,n_23518_0_0,n_23446_0_0,n_23472_0_0,n_23402_0_0,n_23448_0_0,n_23438_0_0,n_23400_0_0,n_23401_0_0,n_23436_0_0,n_23464_0_0,n_23427_0_0,n_23415_0_0,n_23442_0_0,n_23419_0_0,n_23482_0_0,n_23426_0_0,n_23524_0_0,n_23425_0_0,n_23559_0_0,n_23531_0_0,n_23496_0_0,n_23423_0_0,n_23566_0_0,n_23538_0_0,n_23503_0_0,n_23573_0_0,n_23545_0_0,n_23510_0_0,n_23424_0_0,n_23552_0_0,n_23489_0_0,n_23517_0_0,n_23411_0_0,n_23407_0_0,n_23487_0_0,n_23410_0_0,n_23529_0_0,n_23409_0_0,n_23564_0_0,n_23536_0_0,n_23501_0_0,n_23571_0_0,n_23543_0_0,n_23508_0_0,n_23578_0_0,n_23550_0_0,n_23515_0_0,n_23408_0_0,n_23557_0_0,n_23494_0_0,n_23522_0_0,n_23469_0_0,n_23403_0_0,n_23467_0_0
synthetic_001,40.0,0.033308018,0.017825127,0.017045878,0.012026455,0.27615917,38.304165,1.5592389,0.8194704,9.674346,23.903372,38.012825,0.04264255,0.7667419,0.29760057,1.0793146,0.084621996,0.4927631,0.4535032,0.16476548,0.4200312,0.16669793,0.13207823,0.07970537,0.0502968,0.18727799,0.04133437,0.95146656,0.613715,1.1399448,0.17553742,0.87318164,0.048557926,0.3635732,0.30465066,0.08439406,0.3121317,0.12040773,0.11283537,0.41137967,0.06865335,0.026998203,0.14011629,0.06326891,2.8053422,1e-04,0.014601615,0.0002883958,0.0011335086,0.0010497354,0.0006645563,1e-04,0.004217254,0.0002655246,1e-04,0.009817715,0.0001735682,1e-04,0.00014174906,0.00019190232,1e-04,1e-04,0.074185714,1.3330557,0.24700046,0.022384102,0.29581282,0.22945552,0.42444915,0.058217667,0.28978515,0.03724761,0.09901339,0.10586102,0.06669307,0.11540205,0.050862093,0.052430574,0.24302411,0.020824973,0.02862304,0.054961145,3.5267856,0.5542895,0.1568206,0.8439087,1.1794126,0.071108334,0.05421703,1.8413665,3.9944239,0.093644045,3.469593,3.022628,0.53384817,4.6448474,0.046199445,2.1395607,2.4916687,0.048596784,1.5175308,0.26340267,0.6482765,0.38696474,0.34160858,0.055529308,0.47792712,0.18349077,0.13917457,0.6741726,0.088936016,0.10972588,0.46267414,0.09238721,0.045210615,0.110452466,5.251538,0.076526955,1.7491814,3.974233,0.42774412,5.08207,3.6009815,2.426825,0.3741366,0.015906714,3.5663965,12.115272,1.346875,0.18939435,2.8509142,1.2532021,2.5653455,0.77642393,1.6082507,0.2565363,9.040167,1.1204538,0.62286276,0.47963485,1.1499398,0.2725249,0.40687555,2.150248,0.15137593,0.21477702,0.35772383,3.1245065,1.288157,0.11164617,0.16809307,0.10653975,0.13726698,0.03089944,0.110886276,0.1894505,0.058898635,0.030603252,0.31879857,0.060218785,0.016305652,0.13362585,0.9076702,0.008358118,0.14109407,0.07954618,0.056594945,0.8013332,0.22408544
synthetic_002,43.0,0.061058827,0.0021879943,0.017450966,0.014867593,0.31284025,40.82353,1.4381707,0.7714395,9.661663,23.94391,38.083046,0.039582867,0.83584327,0.34023085,1.0957179,0.11433388,0.5430464,0.44471008,0.15892902,0.4617713,0.16113526,0.1602267,0.088802524,0.057383295,0.16462919,0.026537213,1.0484197,0.69048727,1.1946222,0.1707532,0.8470322,0.06075176,0.3916382,0.29546472,0.09148231,0.32188952,0.12500985,0.08216129,0.44644752,0.06234388,0.029228041,0.1183342,0.06883132,2.583244,1e-04,0.014077739,0.0002771814,0.0011396701,0.0013308276,0.0006812106,1e-04,0.0041916682,0.00031326307,1e-04,0.0093040755,0.00018329262,1e-04,0.00014521141,0.00021639561,1e-04,1e-04,0.07497526,1.3361496,0.27451903,0.029717533,0.31039864,0.21626951,0.5147838,0.08536746,0.2790247,0.054927666,0.07618507,0.121197924,0.06920148,0.11695631,0.043797996,0.0539519,0.3205966,0.020071018,0.020218778,0.06270977,3.4115095,0.5304821,0.1537777,0.78294843,1.2075846,0.061414544,0.052646514,1.8949144,3.432922,0.1152962,3.502493,3.0795627,0.5392078,4.7284303,0.051385876,1.9596694,2.4671881,0.027306896,1.4794813,0.31497365,0.5695361,0.3239782,0.35863957,0.074215166,0.51365125,0.14437161,0.1412036,0.6304002,0.09304681,0.10420821,0.40270245,0.05789861,0.030804547,0.10682971,4.68209,0.07737963,1.3670273,4.580161,0.4822875,4.5079794,3.020536,2.383791,0.34052908,0.017035622,3.0959644,11.073769,1.1855712,0.2675373,3.0160384,1.1187205,2.5030007,0.7990823,1.6530675,0.28364322,8.326401,1.0285405,0.63363403,0.66663194,1.1025977,0.31325448,0.37400755,2.0141528,0.15554506,0.13867718,0.38733557,3.052228,1.287389,0.18569756,0.15523289,0.10974323,0.15942205,0.030389315,0.10981693,0.18220475,0.050630573,0.030247014,0.26303136,0.061927903,0.018507162,0.14222537,0.9311592,0.0080990065,0.14872225,0.06802363,0.057484046,0.6446484,0.19727479
synthetic_003,48.0,0.08761496,0.009799432,0.0142186675,0.012227026,0.33316737,39.086555,1.3571825,0.8754455,9.633953,23.962324,38.11582,0.035975914,0.84396785,0.34568894,1.177198,0.09097276,0.49348328,0.3717778,0.18581393,0.43804926,0.18313543,0.13668382,0.07364575,0.044524867,0.16991633,0.019615466,1.0260752,0.6185462,1.1727463,0.22397137,0.8834786,0.060461298,0.3929146,0.28282645,0.08713562,0.35272813,0.14494367,0.103354014,0.49995905,0.043909233,0.033178903,0.121919565,0.069000624,2.7898397,1e-04,0.014806133,0.00031527525,0.0013151437,0.0016591185,0.0007390047,1e-04,0.0035525311,0.0002682375,1e-04,0.0102642225,0.00016942802,1e-04,0.00015552869,0.00022155848,1e-04,1e-04,0.06559649,1.3495083,0.22707114,0.026084779,0.3189637,0.21803185,0.4626006,0.059965428,0.30106953,0.039814863,0.081482306,0.114594184,0.08953354,0.1108524,0.050863978,0.06062831,0.3280865,0.023973595,0.023875767,0.06511712,3.8000638,0.56123185,0.20208712,0.8058375,1.4661062,0.061701864,0.04397413,1.7435945,3.5559819,0.09073684,3.4285984,3.2342842,0.5666188,4.3824863,0.042371944,1.9556221,2.4652956,0.042754374,1.4330904,0.28525054,0.6800647,0.28372452,0.39027035,0.062447872,0.453957,0.17309579,0.14339757,0.64217937,0.0867244,0.111838296,0.38934878,0.07443298,0.04798879,0.0940977,4.9837565,0.070325255,1.7462424,4.0589805,0.48730025,4.5744834,3.1767795,2.5095513,0.36661974,0.017109204,3.186285,12.030564,1.2613499,0.21329692,2.9642107,1.3335042,2.3335016,0.6228513,1.6886811,0.32029808,8.835299,1.01327,0.6607635,0.5943122,1.1605886,0.29444435,0.45152798,1.9576949,0.20320635,0.23385735,0.3893992,3.0669093,1.118337,0.16760676,0.1504534,0.1004397,0.13207181,0.025357004,0.0864524,0.15907815,0.05769623,0.035924703,0.3147922,0.06007682,0.015676988,0.16779225,1.0402477,0.007063005,0.12848692,0.07904325,0.062487405,0.6869747,0.19506645
synthetic_004,52.0,0.04559918,0.021925613,0.011568202,0.011835314,0.32509184,39.421104,1.3919685,0.88460594,9.549602,23.911171,38.91377,0.05726925,0.89659584,0.33842382,1.1108768,0.10227608,0.554087,0.4568785,0.14377083,0.42697805,0.19247669,0.13450623,0.09528774,0.068339415,0.1603031,0.023264783,1.1472673,0.69429374,1.280206,0.17231038,0.94090986,0.043104034,0.3864139,0.32811487,0.08475848,0.32175863,0.12126517,0.0832851,0.38535666,0.049821075,0.035100166,0.13673347,0.06817518,2.6658635,1e-04,0.015691604,0.0003324638,0.0012483464,0.0013123549,0.00071661116,1e-04,0.0035895612,0.0002676272,1e-04,0.010358208,0.00017553166,1e-04,0.00013292431,0.0001831584,1e-04,1e-04,0.065944545,1.3778766,0.26820606,0.024922304,0.2868762,0.20878914,0.45812207,0.06064879,0.3017783,0.05901171,0.08544879,0.11837101,0.07527676,0.1158976,0.046602383,0.06703301,0.31315294,0.021135101,0.022273054,0.06219468,3.4406178,0.59409654,0.13803497,0.87123793,1.4631997,0.06147342,0.057371885,1.6084236,3.650682,0.10258905,3.7283835,3.1278539,0.46627676,4.4825664,0.050031237,1.9626377,2.2485368,0.048852753,1.4340744,0.2913158,0.65122664,0.3225914,0.39941457,0.083223306,0.44788632,0.17099158,0.14650846,0.6533298,0.08057379,0.107814014,0.49750334,0.059638403,0.044728454,0.115095414,5.1242623,0.087793976,1.7170167,4.519341,0.4649417,4.509163,3.6851566,2.6797428,0.37302712,0.017150672,3.4827118,12.142368,1.3453097,0.16873764,2.9550047,1.288792,2.6901898,0.5498957,1.6772078,0.38155732,9.040177,0.9613115,0.5641533,0.5512301,1.1775568,0.28218028,0.38233614,2.4480243,0.1849216,0.17596644,0.34907153,2.906412,1.5515927,0.141747,0.12895639,0.09547123,0.1499928,0.035980277,0.09930417,0.12790664,0.06323852,0.03018309,0.33942154,0.054869853,0.018230267,0.13828143,0.72011584,0.0060615907,0.09107797,0.08016379,0.06358999,0.66997886,0.21695207
synthetic_005,55.0,0.09027832,0.01593062,0.007404916,0.016547658,0.30142283,39.630123,1.5598307,0.75104755,9.731836,23.90998,38.38135,0.044863235,0.83356094,0.2532137,1.2588938,0.11701836,0.48088604,0.43825206,0.1608206,0.4702759,0.1935033,0.14933075,0.08823237,0.061604712,0.16364336,0.038187504,1.1311837,0.67717147,1.3685181,0.21276219,0.8270465,0.041239668,0.40130746,0.33410576,0.09332285,0.35532215,0.1452484,0.09517394,0.3648293,0.050079416,0.032356102,0.11003167,0.067628905,2.4517686,1e-04,0.014824545,0.00029086092,0.0013024567,0.001159222,0.0007758313,1e-04,0.004337523,0.00029150347,1e-04,0.010430965,0.00015372917,1e-04,0.00013165723,0.00022113486,1e-04,1e-04,0.060898885,1.3943728,0.21018876,0.03132955,0.32551625,0.19242892,0.43411192,0.04820562,0.31158537,0.039940134,0.09414354,0.116617866,0.068779975,0.117940046,0.046081964,0.053149927,0.2651532,0.022454621,0.017190617,0.055548754,3.2028065,0.5434548,0.1688785,0.8549569,1.330733,0.06251273,0.05167631,1.6523885,4.302616,0.1178591,3.6570568,2.8818495,0.44050124,4.526889,0.046582248,1.9926696,2.4153266,0.045977492,1.7097191,0.31133792,0.6025564,0.3144327,0.39045522,0.06622374,0.53666973,0.18279003,0.12010225,0.7077761,0.08080506,0.09556327,0.39267763,0.06988971,0.03280111,0.10314312,5.428151,0.08059352,1.7296549,4.044707,0.48607945,4.787622,2.9940538,2.7732146,0.38843423,0.015902152,3.5109024,11.042481,1.2998024,0.13525963,2.8228805,1.1925839,2.3601408,0.77349806,1.5887781,0.4072768,8.394045,1.0716597,0.5707098,0.62738526,1.2276468,0.280228,0.40606228,2.5388858,0.18018262,0.24604818,0.38267878,2.749486,1.2984247,0.11267307,0.13975336,0.10029497,0.13250123,0.0278821,0.09823176,0.14235304,0.049296767,0.03521702,0.2290063,0.055632338,0.017563302,0.19049077,0.931068,0.006223679,0.13874444,0.07390574,0.06870613,0.6995045,0.21474439
synthetic_006,59.0,0.091664985,0.023700643,0.0068195825,0.015285807,0.25872272,38.466454,1.3843709,0.81322134,9.676964,23.954811,39.091225,0.03869721,0.9048004,0.25589678,1.0693685,0.100949205,0.49017078,0.4572458,0.17438777,0.4804552,0.16848679,0.16395973,0.097692735,0.059607126,0.17496912,0.038470633,1.036298,0.56699765,1.1720432,0.18192007,0.7954567,0.061823845,0.416557,0.28375247,0.09286857,0.3220404,0.12404836,0.10249907,0.3727024,0.049857307,0.029038422,0.12915315,0.06169891,2.74121,1e-04,0.016122153,0.0002773074,0.0010817087,0.0012290969,0.0007707818,1e-04,0.0040419423,0.00030809778,1e-04,0.009704448,0.00017003507,1e-04,0.00015249518,0.00026953127,1e-04,1e-04,0.07336431,1.3185607,0.2587248,0.028249152,0.28323022,0.1939461,0.45734647,0.052778915,0.27874213,0.040179808,0.08125059,0.12852077,0.09151331,0.11949943,0.05426215,0.056057718,0.2411244,0.025765944,0.028511645,0.06456585,3.501088,0.5936212,0.14529474,0.87201095,1.4715867,0.06084156,0.05866364,1.8182019,4.0235925,0.11034188,3.4094002,3.1936595,0.43775293,4.224075,0.042627066,2.1722178,2.291193,0.02749195,1.4148105,0.26018283,0.6096409,0.34641638,0.32431635,0.0751653,0.50537217,0.1698945,0.1280927,0.6423105,0.088499375,0.09539066,0.47208962,0.05598031,0.05008989,0.11824536,5.2165933,0.088135034,1.4166244,4.1297164,0.47235098,4.982558,3.6633337,2.6979823,0.37611282,0.017626615,3.0560071,11.651281,1.3868346,0.15052998,2.8418074,1.3125769,2.2285678,0.49199602,1.5401362,0.3707267,8.484193,1.1204405,0.61354005,0.6041792,1.2435808,0.30588052,0.47927132,2.1173742,0.14155205,0.1601327,0.36289236,2.8758886,1.3269155,0.107915394,0.15739258,0.106109865,0.12829629,0.034279272,0.08603316,0.16890949,0.06377146,0.038023565,0.29417527,0.04953407,0.015707185,0.1623768,0.6903031,0.005916028,0.11808633,0.07975478,0.06742939,0.6469008,0.22591865
synthetic_007,63.0,0.08846119,0.023812598,0.018646063,0.012035161,0.27469623,40.993023,1.4291519,0.7794796,9.670085,23.892403,38.931786,0.073532976,0.86793756,0.32773295,1.0355927,0.10982713,0.52578986,0.39364532,0.20035802,0.47045317,0.1995709,0.15918802,0.093441725,0.047682464,0.16372412,0.024675775,1.1442605,0.5577975,1.242035,0.28305992,0.94619346,0.05649498,0.40515643,0.30287686,0.08030509,0.34568927,0.13781594,0.10903516,0.49737334,0.045186896,0.024085663,0.13417673,0.0652827,2.731315,1e-04,0.015722228,0.00032925705,0.0011834109,0.0010917911,0.00081509363,1e-04,0.0036255848,0.00026127856,1e-04,0.010375184,0.00017265964,1e-04,0.00015996314,0.00018789238,1e-04,1e-04,0.0663792,1.3235945,0.21198077,0.023487605,0.30402014,0.21451396,0.43878677,0.063227095,0.32065052,0.050071836,0.0989258,0.10562937,0.08015895,0.11911253,0.049802873,0.052441016,0.3117194,0.024086589,0.017486501,0.06356343,3.592253,0.5347274,0.14700921,0.85980844,1.1783965,0.061524987,0.049320385,1.6107979,4.2766066,0.11768889,3.6614823,3.2034144,0.6271815,4.192219,0.041741338,2.0206,2.308822,0.031580627,1.439902,0.29001832,0.61526704,0.36490235,0.3533426,0.080767184,0.4772471,0.14265233,0.13385938,0.6375828,0.08635114,0.10803777,0.5319402,0.07123271,0.036058914,0.10431569,5.210318,0.0974765,1.4973671,4.3937984,0.4772258,4.7432413,3.3330936,2.4328868,0.3869765,0.017986517,3.6637986,10.888752,1.2805383,0.22047654,2.735962,1.2614669,2.5321536,0.59344864,1.688434,0.29236132,9.007621,1.0257425,0.5786453,0.5863695,1.176712,0.27563956,0.42874417,1.7409959,0.13696833,0.25155163,0.3205747,3.0049114,1.1834657,0.19646849,0.12427687,0.09171187,0.15829918,0.027271746,0.09429854,0.123590775,0.051643543,0.03511275,0.22865541,0.056490682,0.01823031,0.16299976,0.7420469,0.0071278275,0.104320414,0.07237561,0.061868638,0.6581753,0.22506471
synthetic_008,67.0,0.046937343,0.0097860545,0.010087284,0.015959626,0.2573234,39.41626,1.5201685,0.8929035,9.697513,23.918848,39.088596,0.03423013,0.8762447,0.28574574,1.2703658,0.12124893,0.52109927,0.42686838,0.20233233,0.4409618,0.195523,0.15476032,0.08032937,0.04760983,0.18540184,0.029022563,1.045188,0.5986611,1.3877219,0.25240964,0.85549176,0.05631918,0.39197475,0.33851272,0.08741255,0.33189803,0.13447195,0.08706545,0.36539313,0.051915776,0.030952126,0.12907566,0.07035829,2.324368,1e-04,0.016297646,0.00029890204,0.0013146783,0.001476253,0.000775552,1e-04,0.004084091,0.00032283514,1e-04,0.0103000095,0.0001517049,1e-04,0.0001662754,0.00027252987,1e-04,1e-04,0.07456136,1.3632733,0.24052125,0.025580311,0.28503042,0.22016698,0.44931862,0.08063026,0.30091804,0.048857898,0.07758501,0.13089597,0.07210922,0.10864545,0.04457092,0.056584958,0.34362182,0.021692608,0.025808292,0.062037174,3.9268732,0.56935453,0.15245116,0.785985,1.2067711,0.06394517,0.04313628,1.5385308,3.6482472,0.09541387,3.3866937,2.8390083,0.48576498,4.7429852,0.04464048,2.2218223,2.4715328,0.048640274,1.5874485,0.27131668,0.61362004,0.30271736,0.33521998,0.077631,0.52318823,0.17973605,0.10866029,0.68312854,0.09218575,0.102646284,0.4279862,0.09241942,0.031290594,0.10811881,5.438879,0.06606248,1.4930564,3.6522336,0.4362454,4.3875294,2.943559,2.3925781,0.3233978,0.015704358,3.0604799,11.41027,1.2705967,0.29538703,2.8211625,1.1437899,2.3205523,0.5911685,1.5045773,0.34968555,9.191952,1.0374125,0.64130825,0.5381052,1.1015352,0.31623095,0.4715662,1.9952112,0.15450458,0.2003702,0.35532722,2.8733785,1.4101738,0.17119548,0.15094529,0.09071994,0.13937743,0.026674934,0.10102866,0.16989952,0.058835138,0.03259673,0.336239,0.052300256,0.015892213,0.15818568,1.114461,0.007863638,0.094601475,0.070349,0.06611931,0.7267953,0.22893056
synthetic_009,70.0,0.061653808,0.01438716,0.016750332,0.011806539,0.3147141,37.68758,1.3531909,0.9381784,9.626374,23.941998,38.58217,0.050609257,0.74850017,0.3136456,1.071061,0.080718614,0.5480192,0.45799863,0.15397558,0.4635687,0.2030022,0.16081834,0.08917088,0.046265073,0.17449716,0.036817383,1.0408976,0.69137496,1.4212084,0.17750458,0.77043754,0.049974766,0.37828198,0.33785293,0.10349499,0.33513337,0.11776648,0.108501464,0.48792022,0.05104264,0.02836571,0.12315298,0.066062815,2.5447843,1e-04,0.015538101,0.00030952532,0.0012301463,0.0016572181,0.0007777558,1e-04,0.0035044546,0.00028516864,1e-04,0.009234552,0.00017523227,1e-04,0.00014673406,0.00027501315,1e-04,1e-04,0.06673245,1.3895696,0.23088767,0.026205335,0.3114252,0.24287081,0.5006586,0.076815076,0.326962,0.044655487,0.07575839,0.11313129,0.0828662,0.11583012,0.05251604,0.050520595,0.3384934,0.022873968,0.020219902,0.05030662,4.224293,0.54988575,0.17355195,0.7794907,1.3517133,0.060573198,0.053669035,1.7706499,3.9605863,0.094222836,3.749189,3.1342537,0.44823974,4.317955,0.05145683,2.233616,2.4830449,0.027310913,1.524764,0.2934523,0.67797786,0.39011788,0.37532398,0.072472446,0.46730715,0.15380739,0.13886936,0.70737773,0.091230586,0.10115211,0.46875364,0.06311989,0.03359092,0.11273095,5.4489145,0.07097177,1.5931152,4.55334,0.42777655,4.6341205,3.223212,2.7721617,0.33798864,0.016459532,3.5282311,12.914841,1.3710538,0.25744578,2.9528892,1.2138572,2.746744,0.80858994,1.6955085,0.39940202,9.698095,0.9552334,0.58515984,0.5501187,1.093908,0.25538775,0.3630207,2.0843215,0.15884982,0.20026729,0.396594,2.978047,1.4821708,0.1288426,0.16419312,0.098661974,0.16614938,0.03511945,0.09695653,0.14971754,0.051065218,0.029373307,0.24019243,0.05244167,0.012977572,0.17328086,1.0162846,0.0072516175,0.095356144,0.06514139,0.060921356,0.8022553,0.20866622
