sample_id,chronological_age,ba,raw_gap,baa
synthetic_001,40.0,39.54543877706072,-0.454561222939283,5.516714612652535
synthetic_002,43.0,42.57014641887916,-0.42985358112083816,4.721558937458177
synthetic_003,48.0,48.09598892401565,0.09598892401564996,3.7800691542619234
synthetic_004,52.0,52.26821116390802,0.26821116390802047,2.6097894075247297
synthetic_005,55.0,55.09562535034767,0.09562535034766739,1.2865990127317701
synthetic_006,59.0,59.109719270315,0.10971927031499717,-0.4479050961755675
synthetic_007,63.0,63.054079487940484,0.05407948794048423,-2.442399083383407
synthetic_008,67.0,66.86618239017491,-0.13381760982508695,-4.690222497956
synthetic_009,70.0,69.37677861895094,-0.6232213810490634,-6.762406041777012
